{"cameraMode":{"drawMode":0,"name":"Shaded","section":"Shading Mode"},"sceneLighting":false,"audioPlay":false,"sceneViewState":{"showFog":false,"showMaterialUpdate":false,"showSkybox":false,"showFlares":false,"showImageEffects":false,"showParticleSystems":false},"in2DMode":false,"pivot":{"x":66.82798767089844,"y":-0.40641292929649355,"z":65.86105346679688},"rotation":{"x":-0.11030063778162003,"y":0.5844367146492004,"z":-0.08022548258304596,"w":-0.7999758124351502},"size":7.447348594665527,"orthographic":false}