{"cameraMode":{"drawMode":0,"name":"Shaded","section":"Shading Mode"},"sceneLighting":false,"audioPlay":false,"sceneViewState":{"showFog":false,"showMaterialUpdate":false,"showSkybox":false,"showFlares":false,"showImageEffects":false,"showParticleSystems":false},"in2DMode":false,"pivot":{"x":2.259999990463257,"y":0.8220000267028809,"z":-6.610219478607178},"rotation":{"x":-0.19259284436702729,"y":0.12094168365001679,"z":-0.023922743275761606,"w":-0.9735205173492432},"size":4.041658401489258,"orthographic":false}