{"cameraMode":{"drawMode":0,"name":"Shaded","section":"Shading Mode"},"sceneLighting":true,"audioPlay":false,"sceneViewState":{"showFog":false,"showMaterialUpdate":false,"showSkybox":false,"showFlares":false,"showImageEffects":false,"showParticleSystems":false},"in2DMode":false,"pivot":{"x":3.8789944648742677,"y":0.46877914667129519,"z":-4.499181747436523},"rotation":{"x":-0.3001127243041992,"y":0.00629397900775075,"z":-0.001970025710761547,"w":-0.9539130330085754},"size":2.041588068008423,"orthographic":false}